[
  {
    "time": 0.0,
    "words": [
      {
        "text": "She",
        "time": 0.0
      },
      {
        "text": "said,",
        "time": 0.3
      },
      {
        "text": "\"Careful,",
        "time": 0.6
      },
      {
        "text": "or",
        "time": 0.85
      },
      {
        "text": "you'll",
        "time": 1.05
      },
      {
        "text": "lose",
        "time": 1.3
      },
      {
        "text": "it\"",
        "time": 1.55
      }
    ]
  },
  {
    "time": 2.2,
    "words": [
      {
        "text": "But,",
        "time": 2.2
      },
      {
        "text": "girl,",
        "time": 2.5
      },
      {
        "text": "I'm",
        "time": 2.8
      },
      {
        "text": "only",
        "time": 3.05
      },
      {
        "text": "human",
        "time": 3.3
      }
    ]
  },
  {
    "time": 4.8,
    "words": [
      {
        "text": "And",
        "time": 4.8
      },
      {
        "text": "I",
        "time": 5.0
      },
      {
        "text": "know",
        "time": 5.15
      },
      {
        "text": "there's",
        "time": 5.4
      },
      {
        "text": "a",
        "time": 5.65
      },
      {
        "text": "blade",
        "time": 5.8
      },
      {
        "text": "where",
        "time": 6.05
      },
      {
        "text": "your",
        "time": 6.3
      },
      {
        "text": "heart",
        "time": 6.5
      },
      {
        "text": "is",
        "time": 6.7
      }
    ]
  },
  {
    "time": 7.5,
    "words": [
      {
        "text": "And",
        "time": 7.5
      },
      {
        "text": "you",
        "time": 7.7
      },
      {
        "text": "know",
        "time": 7.9
      },
      {
        "text": "how",
        "time": 8.1
      },
      {
        "text": "to",
        "time": 8.3
      },
      {
        "text": "use",
        "time": 8.5
      },
      {
        "text": "it",
        "time": 8.7
      }
    ]
  },
  {
    "time": 9.7,
    "words": [
      {
        "text": "And",
        "time": 9.7
      },
      {
        "text": "you",
        "time": 9.9
      },
      {
        "text": "can",
        "time": 10.1
      },
      {
        "text": "take",
        "time": 10.3
      },
      {
        "text": "my",
        "time": 10.5
      },
      {
        "text": "flesh",
        "time": 10.7
      },
      {
        "text": "if",
        "time": 10.9
      },
      {
        "text": "you",
        "time": 11.1
      },
      {
        "text": "want,",
        "time": 11.3
      },
      {
        "text": "girl",
        "time": 11.5
      }
    ]
  },
  {
    "time": 12.4,
    "words": [
      {
        "text": "But,",
        "time": 12.4
      },
      {
        "text": "baby,",
        "time": 12.7
      },
      {
        "text": "don't",
        "time": 13.0
      },
      {
        "text": "abuse",
        "time": 13.3
      },
      {
        "text": "it",
        "time": 13.6
      }
    ]
  },
  {
    "time": 14.5,
    "words": [
      {
        "text": "(Calm",
        "time": 14.5
      },
      {
        "text": "down)",
        "time": 14.8
      }
    ]
  },
  {
    "time": 15.4,
    "words": [
      {
        "text": "These",
        "time": 15.4
      },
      {
        "text": "voices",
        "time": 15.6
      },
      {
        "text": "in",
        "time": 15.9
      },
      {
        "text": "my",
        "time": 16.0
      },
      {
        "text": "head",
        "time": 16.2
      },
      {
        "text": "screaming,",
        "time": 16.5
      },
      {
        "text": "\"Run",
        "time": 16.8
      },
      {
        "text": "now\"",
        "time": 17.0
      }
    ]
  },
  {
    "time": 18.2,
    "words": [
      {
        "text": "(Don't",
        "time": 18.2
      },
      {
        "text": "run)",
        "time": 18.5
      }
    ]
  },
  {
    "time": 19.0,
    "words": [
      {
        "text": "I'm",
        "time": 19.0
      },
      {
        "text": "praying",
        "time": 19.2
      },
      {
        "text": "that",
        "time": 19.5
      },
      {
        "text": "they're",
        "time": 19.7
      },
      {
        "text": "human.",
        "time": 20.0
      }
    ]
  }
]